{"4": {"1.0": 10}, "5": {"1.0": 10}, "6": {"1.0": 10}, "7": {"1.0": 10}, "8": {"1.0": 10}, "9": {"1.0": 10}, "10": {"1.0": 6, "1.2": 1, "1.1": 3}, "11": {"1.1818181818181819": 1, "1.0909090909090908": 5, "1.0": 4}, "12": {"1.1666666666666667": 2, "1.3333333333333333": 2, "1.0": 1, "1.4166666666666667": 1, "1.75": 1, "1.5833333333333333": 1, "1.0833333333333333": 1, "1.5": 1}, "13": {"2.4615384615384617": 5, "2.3076923076923075": 2, "1.6923076923076923": 1, "2.1538461538461537": 1, "2.0": 1}, "14": {"4.571428571428571": 1, "5.142857142857143": 2, "9.142857142857142": 7}}